id,article,highlights
ed0fed726929c1eeabe6c390e47128dbb7d7a055,"By . Mia De Graaf . Britons flocked to beaches across the southern coast yesterday as millions look set to bask in glorious sunshine today. Temperatures soared to 17C in Brighton and Dorset, with people starting their long weekend in deck chairs by the sea. Figures from Asda suggest the unexpected sunshine has also inspired a wave of impromptu barbecues, with sales of sausages and equipment expected to triple those in April. Sun's out: Brighton beach was packed with Britons enjoying the unexpected sunshine to start the long weekend as temperatures hit 17C across the south coast . Although frost is set to hit the south tonight - with temperatures dropping to 1C - Britons stocking up for a barbecue will be in luck tomorrow, with forecasters predicting dry and sunny weather across southern England, southern Wales and the south Midlands. In Weymouth, Dorset, the sun came out in time for the town's annual kite festival, held on the beach. But the good weather has not been enjoyed by all as heavy rain poured down across the north west. Unfortunately, the dark clouds and intermittent rain across northern England and Scotland is set to last throughout the long weekend and into Tuesday. However, the north east enjoyed a bright spell at midday today with sun shining in Harrogate and York ahead of the rainy weekend. Met Office spokesman Helen Roberts told MailOnline: 'It hasn't been great for the whole country - it's been a story of two halves. Crowds took to deckchairs to see in the Bank Holiday weekend on Brighton beach - while rain and clouds swept the country up north . Frost and temperatures of 1C are forecast to hit southern England tonight, but those planning a barbecue can bank on a dry, sunny day tomorrow . According to the Met Office, today's temperatures in Brighton were not unusual for this time of year, but it follows a windy and wet spell . 'The best of the sunshine has been . towards to south and south east, and further north there's been a lot of . cloud and outbreaks of rain. Tomorrow will be a similar picture. 'These temperatures are about . average for this time of the year. We might see 17C tomorrow but not . much higher. 'The most unusual thing is overnight minimum temperatures, which are really going to be quite low. We're looking at a touch of air frost tonight in places in the south, where there will be clear skies. That's not common for May.' Tonight, cloud and drizzle . is expected to cast over northern and western areas of the country, with . heavier bursts of rain in Scotland. Summer time: Many took to the sun wearing bikinis and sarongs for the first weekend as Britons gear themselves up for summer . Activity: The sun came out in time for the opening day of Weymouth Kite Festival, which sees people from all over come to show off creative kites . Three day forecast: Tomorrow sunny spells and warm weather is set to cover southern England, but the heavy rain up north is set to stay . Southern and eastern England looks set to remain dry,clear, and mild, despite cold temperatures in East Anglia. The intermittent rain and cloud currently sweeping across the north is set to last throughout Sunday, Monday and Tuesday. Cloud . and rain will spread into northern and western parts of the country on . Bank Holiday Monday, with heavy rain in the evening. Apart from a few showers, southern and central parts of England should be largely dry with some warm sunshine breaking through. Though rain poured down in the north west, the north east enjoyed a bright spell at midday today with sun shining in Harrogate (pictured) ahead of the rainy weekend . Walkers took to Harrogate's parks as the sun came out for a short time in the town but cloud is predicted for tomorrow .","People enjoyed temperatures of 17C at Brighton beach in West Sussex and Weymouth in Dorset .
Asda claims it will sell a million sausages over long weekend despite night temperatures dropping to minus 1C .
But the good weather has not been enjoyed by all as the north west and Scotland have seen heavy rain ."
023cd84001b33aed4ff0f3f5ecb0fdd2151cf543,"A couple who weighed a combined 32st were shamed into slimming by their own family - during Christmas dinner. Margaret Gibson, 37, and her husband, James, 41, from Biddulph, Staffs, started piling on the pounds after the birth of their two children just over a decade ago. But after taunts during the festive feast - and a warning from James's doctor that he couldn't undergo a procedure because he would 'die on the operating table' - the pair took action and have lost more than 7st between them. Wake up call: James, 41, and Margaret Gibson, 37, have shed a combined 7st in the last 11 months . By last Christmas Margaret tipped the scales at 12st 5lb and James weighed an unhealthy 20st. But the mother-of-two received a stark wake-up call when her father made a hurtful comment about her size. Margaret, a law firm secretary, said: 'I can't remember exactly what my father said but he made some sort of flippant comment to me about our appetite and I was really embarrassed. 'It was literally while we were having Christmas dinner and I wasn't very impressed at all, but that's when I decided it was time to start losing weight.' Since joining Weight Watchers in January, Margaret lost 2st 5lb to reach a healthier 10st and husband James shed 4st. Margaret, has dropped from a hefty size 18 to a size 12, and James's waist measurement has shrunk from 44in to 34in. James weighed an unhealthy 20st (right) until he and wife Margaret pledged to slim-down as a pair . Secretary Margaret dropped three dress sizes from a hefty size 18 since joining Weight Watchers in January . 'It was literally while we were having Christmas dinner and I wasn't very impressed at all, but that's when I decided it was time to start losing weight.' The pair piled on the pounds after buying a house, having children and enjoying a 'blow out' for a while . 'We have just changed our style of cooking. Instead of buying a jar of sauce, we make our own with the Weight Watchers recipes. We make sure to eat as a family. 'I feel much better than before. I have more energy. Our weight loss has helped the kids as well. 'Being heavier did not stop us doing things before, but we are more active now.' Self-employed hairdresser James added: 'I went to the doctor about a varicose veins operation and the consultant said 'If I operate on you, you will die on my table'. 'It was a kick up the backside. And then Margaret had the comments about her weight over dinner last year, so we decided to do something about it. 'Weight Watchers is easy to follow. We tried other diets before, but this is the one we have done well with. 'We used to eat fairly healthily, but on a weekend, we would go to McDonald's with the children and we would go to the local chip shop one night a week. 'Now, we eat less takeaway and try to make things from scratch. Our children have benefited from the meals as well. 'We go to meetings together to support each other, if one has a bad week, the other is there. 'We are finally getting back to the size we were when we got married. 'You do not realise, you don't see the weight creeping on to you. 'People ask where the ""big, fat hairdresser"" has gone and I am like ""I am still here"".' Margaret ensures the family eats together and she has swapped out store bought food for homemade dishes . The Gibsons followed the ProPoints system, which allots food a value depending on the amount of protein, carbohydrate and fat it contains. Just weeks away from December 25, the family is looking forward to enjoying slimline seasonal festivities. Margaret said: 'We can enjoy our Christmas dinner this year without having to feel too guilty.'","Couple started piling on pounds after the birth of two children .
Margaret Gibson weighed 12st 5lb and husband James weighed 20st .
James Gibson's barred from simple op as he 'would die', warned doctor ."
6a70a0d8d3ed365fe1df6d35f1587a8b9b298618,"Video footage shows the heart stopping moment a 17 year old boy was bitten on the hand by a shark. Sam Smith's Go-Pro vision helmet captured the sudden and brief attack while he was spear fishing on the New South Wales south coast on Friday. The teenager can be seen trying to stab the shark with his spear gun as the 1.5 metre predator aggressively lashes out and bites the boy's hand before swimming out of sight. Channel Seven released the footage on Sunday as one of Sydney's most popular beaches was shut down following a shark sighting at Manly beach. The terrifying moment Sam Smith is bitten on the right hand by a shark while spear fishing was captured on his Go-Pro vision helmet . Sam attempted to stab the predator with his spear gun as the shark came at him . The 17-year-old was unsuccessful as the shark very suddenly sunk his teeth into his hand and swam away . The lucky teenager underwent surgery on his hand after the scary encounter . Sam was airlifted from Mollymook Beach, on the NSW south coast, to Sydney to undergo the surgery . The curious boy went under the water to film the shark when he experienced the horrifying encouter . Fishing off Mollymook Beach with his friend Luke Sisinni, Sam went under the water to film the 1.5metre shark when the frightening incident happened. Paramedics rushed to the scene just before midday on Friday, as hundreds of children competing in the 2015 Stramit NSW Country Surf Life Saving Championships looked on. Mr Smith was fishing when he saw the shark and tried to go down to film it, according to his friend Luke Sisinni, the Milton Ulladulla Times reported. 'He said it spun around and started coming for him, so he stabbed it with his spear to try and scare it off, but it just went ballistic and bit him,' Mr Sisinni said. '[Sam] came up screaming saying ""I got bitten by a shark""'. Two ambulances arrived at the beach and the boy was treated with lacerations to his left hand, including multiple lacerations to his fingers. The boy was taken to Milton Ulladulla hospital where he is in a stable condition, and later flown to Sydney for specialist treatment. Sam was airlifted to a Sydney hospital for emergency surgery on his hand after he was mauled by a shark while spearfishing on the south coast of New South Wales . The spearfisherman was bitten by a shark, thought to be a Bronze Whaler, when he 'went down to film it' Man down: Paramedics and police attend to the injured boy near Ulladulla . The friends were fishing off Mollymook Beach on south coast of New South Wales when the attack took place . Paramedics worked quickly to address the lacerations on the boys hand and fingers . Just two days after Sam's lucky escape, Manly beach was closed after a swimmer raised the alarm after spotting an unspecified type of shark in the water at around 1.30pm. But the warning did not deter many people who proceeded to continue swimming in the sea despite being told by lifeguards . A Surf Life Saving NSW spokeswoman said inflatable rescue boats were used to chase the shark away and the beach would reopen once it was deemed safe again. 'The problem is there were already a lot of swimmers and surfers in the water who won't come out,' she said. 'We suggest that if people continue to stay in the water they're doing so at their own risk.' Beachgoers flocked to Manly despite earlier reports of a shark sighting . Meanwhile, Newcastle beach remains closed for ninth consecutive day from a sighting. The sea off Newcastle was first declared a no-go area when a five-metre great white shark was seen at Merewether Beach on January 10. A helicopter crew spent Sunday scouring the ocean for signs of the fearsome predator, nicknamed Bruce, along with a three-and-a-half metre shark that lunched on a dolphin last week. Neither have been spotted since Friday but Surf Life Saving NSW said no decision on reopening the beaches would be made until Monday. Shark attacks have also closed other NSW beaches in recent days. Lifeguards were also stopping people from going in the water at Port Kembla and Windang beaches near Wollongong on Sunday. The Surf Life Saving NSW spokeswoman said this was due to a dead seal and injured shark that had both been attacked by what was believed to be a much larger shark. Scenic: Mollymook Beach is located near Ulladulla, three hours south of Sydney . This is the scene at Mollymook Beach in Ulladulla this morning, prior to the suspected shark attack . Surf Life Saving NSW have closed Narrawellee Beach, to the north of the headline, as the search for the shark commences . A surf competition - the Stramit NSW Country Life Saving Championships - was today being held at the beach. Surf LIfe Saving NSW tweeted that lifeguards have closed Narrawellee Beach to the north of the headland. A NSW police spokeswoman told Daily Mail Australia police were aware of the situation.","A 17-year-old boy suffering lacerations to his left hand and fingers .
Sam Smith was spearfishing when he saw a shark 'so went down to film it'
Go-Pro vision helmet captured attack on the NSW south coast on Friday .
He tried to stab it with his spear but the shark 'went ballistic and bit him'
Sam was airlifted from Mollymook beach to Sydney to undergo surgery .
Meanwhile, Manly beach closed on Sunday due to a shark sighting .
Newcastle beach remains closed for ninth consecutive day from a sighting ."
b37204c13ea38b511265e41ac69fb12acfb63f85,"Istanbul, Turkey (CNN) -- About 250 people raced across the Syrian border into Turkey, government officials said Saturday, a flight that reflects the fear and violence gripping the Arab nation. The people hustled to the southern Turkish Yaylidagi district in Hatay province on Friday afternoon, according to local and federal government officials. Turkish Foreign Ministry spokesman Selcuk Unal said the government is trying to determine more about the people and how and why they chose to leave Syria. ""They just came to the border post and want to go in without passports. They were let in,"" Unal said. ""We are trying to figure out whether this is an individual event or the tip of the iceberg."" Yaylidagi Mayor Mustafa Kemal Dagistanli and another local government official, who asked not to be named, said the people are Syrian citizens and Muslims. The local official said most of the people are ethnic Turkmens, and three of them speak Turkish. Most of them are from Qamishli, in the northeastern region, and Latakia, on the western coast. The official said the people say they've been persecuted by the government of President Bashar al-Assad -- now locked in confrontation across the country with anti-government protesters. ""The group is mostly young, there are women and children among them,"" the official said. ""They are in good health condition. There are no health problems."" The military, the local government and the Red Crescent are assisting them with tents and food.","Syrians citizens hightail it to Turkey .
Most of them are ethnic Turkmens, an official says .
Turkey wonders if this is ""the tip of the iceberg"""
c24e5805afd5145bc48410e876db91d44a06be5e,"By . Daily Mail Reporter . PUBLISHED: . 12:53 EST, 3 January 2014 . | . UPDATED: . 06:02 EST, 4 January 2014 . An Australian icebreaker carrying passengers saved from a ship pinned tight by Antarctic sea ice halted its journey home today amid fears that a Chinese ship involved in the rescue is now also icebound. The Aurora Australis had been cracking through thick ice toward open sea after a Chinese helicopter yesterday plucked the passengers from a stranded Russian research ship and carried them aboard. But today, the crew of the Xue Long (Snow Dragon), the Chinese icebreaker that had provided the helicopter, said they were worried about their own ship's ability to escape the ice. Role reversal: The Chinese ship Xue Long, or Snow Dragon, which had gone to rescue passengers stuck in an icebound research vessel, is now itself stuck in the heavy Antarctic sea ice . Complex operation: The Xue Long (Snow Dragon) Chinese icebreaker, as seen from Australia's Antarctic supply ship the . Aurora Australis, sits in an ice pack unable to make its way back to open water . The end is in sight: The first of the 52 passengers on a research ship trapped in Antarctic ice for more than a week were finally rescued by helicopter after several aborted attempts to evacuate them . The helicopter carried the passengers a dozen at a time over approximately five hours . Sea ice was preventing the barge from reaching the Chinese icebreaker, the Snow Dragon, so the passengers are instead being taken to an nice floe next to an Australian vessel which will eventually take them to Tasmania . The Aurora was told to stay in the . area in case the Snow Dragon needs help, according to the Australian . Maritime Safety Authority's Rescue Co-ordination Centre, which oversaw . the rescue. She had been . about to embark on a journey to drop off the 52 scientists and tourists . rescued from research vessel MV Akademik Shokalski at the Australian . island state of Tasmania. The . Snow Dragon, which is at the edge of the ice pack surrounding the . Akademik Shokalski, will attempt to push through the ice to open water . early tomorrow, when tidal conditions are expected to be most . favourable. The Aurora is waiting around seven miles north of the Snow Dragon, said Lisa Martin, spokesman for the marine authority. Authorities . have not said what the next step would be if the Snow Dragon became . stuck, but it is possible that the Aurora could attempt to break through . the ice to help the Chinese vessel. The . maritime authority said there was no immediate danger to anyone aboard . the Snow Dragon and that the decision to keep the Aurora on standby was . just a precaution. But it was yet another problem to hit the highly . complex rescue operation of those on board the Akademik Shokalskiy, . which got stuck in the ice on Christmas Eve. A helicopter from a nearby Chinese icebreaker flies over the first group of passengers as it comes in to land . Mission is a go! Rescuers leave a helicopter from a Chinese icebreaker after landing next to the ship . 'A huge thanks to all': Expedition leader Chris Turney points to a makeshift helipad which the crew created in the ice as he awaits the helicopter's arrival . A . spot of clear weather yesterday finally allowed the multinational . rescue operation after blinding snow, strong winds and thick sea ice . forced rescuers to turn back time and again. The . twin-rotor helicopter, based on the Snow Dragon, took seven hours to . carry the scientists and tourists in groups of 12 from the Russian ship . to the Aurora. Earlier, the passengers had linked arms and stamped out a . landing site in the snow next to the Russian ship for the helicopter. Helicopter . pilot Jia Shuliang told China's official Xinhua News Agency that he had . no way of knowing whether the ice could withstand the helicopter's . weight. The rescue came in the never-ending daylight of summer after days of failed attempts to reach the vessel. 'I . think everyone is relieved and excited to be going on to the Australian . icebreaker and then home,' expedition leader Chris Turney said by . satellite phone from the Antarctic. Sydney . resident Joanne Sim, a paying passenger, wept as she boarded the . Australian icebreaker. She said the passengers had spent their time . watching films and playing games. 'It . really has been an emotional rollercoaster,' she told a reporter from . The Sydney Morning Herald newspaper who is aboard the ship. Stuck: Passengers from the Russian ship MV Akademik Shokalskiy link arms and stamp out a helicopter landing site on the ice near the trapped ship 1,500 nautical miles south of Hobart, Australia . Ship: The rescue operation for the 74 passengers, comprising scientists, tourists and crew on the Russian ship MV Akademik Shokalskiy, has been plagued by one delay after another since the vessel became stuck . Still smiling: Stranded passengers shelter in a tent lashed to the ship's top deck as they sing a song they wrote, streaming live online to welcome in the new year . The . 22 crew members of the Akademik Shokalskiy stayed with the icebound . vessel, which is not in any danger and has enough supplies on board to . last for weeks. They will wait until the ice surrounding the ship breaks . up, which could take several weeks, ASMA Emergency Response Division . manager John Young said. The . cost of the rescue would be carried by the owners of the ships and . their insurers, in accordance with international conventions on sea . rescues, Mr Young said. Path to freedom: An undated image of the Australian icebreaker Aurora Australis, which will eventually carry the passengers to the Australian island state of Tasmania, arriving by mid-January . Trapped for more than a week: Ben Maddison and Ben Fisk from MV Akademik Shokalskiy work to place a wind indicator atop an ice feature near the trapped ship . Keeping themselves busy: Passengers from MV Akademik Shokalskiy walk around the ice in the Antarctic . Any official inquiry into how the ship got stuck would have to be conducted by Russia, he said. The . Akademik Shokalskiy, which left New Zealand on November 28, got stuck . after a blizzard pushed the sea ice around the ship, freezing it in . place about 1,700 miles south of Hobart, Tasmania. The . scientific team on board the Russian vessel had been recreating . Australian explorer Douglas Mawson's 1911 to 1913 voyage to Antarctica.","The Xue Long had provided the helicopter that helped with the rescue .
But now its crew say they are worried about their ship's ability to escape .
Australian icebreaker Aurora Australis on standby to help stranded ship ."
